{
  "ordId": "2940071038556348417",
  "instId": "BTC-USDT-SWAP",
  "window": {
    "beginMs": 1760122444933,
    "endMs": 1760124244933
  },
  "fillSummary": {
    "total_fills": 1,
    "total_pnl": -7.15264,
    "total_fee": -0.37422752,
    "approx_notional_sum": 74556.864,
    "first_fill_ts": 1760123344933,
    "last_fill_ts": 1760123344933
  },
  "billsCount": 1,
  "liquidationSignals": 1,
  "hasStrongEvidence": false,
  "merkleRoot": "0xb815fb0e7b1a244c84e366fe6203adb963122ef7379d7ad9b2411240639900ff",
  "evidenceFiles": [
    "bills.json",
    "fills.json",
    "meta.json",
    "order.json"
  ],
  "generatedAt": "2025-10-11T03:49:25.909Z"
}