{
  "ordId": "2939942264028307457",
  "instId": "BTC-USDT-SWAP",
  "instType": "SWAP",
  "window": {
    "beginMs": 1760118607155,
    "endMs": 1760120407155
  },
  "fillSummary": {
    "total_fills": 1,
    "total_pnl": 0.0,
    "total_fee": -0.37636064,
    "approx_notional_sum": 752.72128,
    "first_fill_ts": 1760119507155,
    "last_fill_ts": 1760119507155
  },
  "billsCount": 1,
  "liquidationSignals": 0,
  "hasStrongEvidence": false,
  "merkleRoot": "0x519649e0fc44823201d3bd0a8d12892319c559988b9ce2bb4418df1622316e6d",
  "evidenceFiles": [
    "bills.json",
    "fills.json",
    "instrument.json",
    "meta.json",
    "order.json"
  ],
  "generatedAt": "2025-10-18T05:16:38.327Z"
}